Genero_Lista,Qtd_Jogos,Tempo_Medio_Minuto,Total_Positivas,Total_Avaliacoes,Taxa_Aprovacao_Pct
Free To Play,4758,1581.0,26531662,32929821,80.57
Racing,3080,1269.0,3335058,3881645,85.92
RPG,15102,494.0,33656399,38805209,86.73
Sports,3687,342.0,3803790,4734429,80.34
Simulation,17024,339.0,25792230,29724067,86.77
Strategy,16762,312.0,21606777,25151806,85.91
Casual,34092,264.0,17505528,19860177,88.14
Adventure,33684,254.0,51309434,60165703,85.28
Indie,59383,244.0,51574692,57768876,89.28
Movie,2,209.0,1728,3239,53.35
